Date,Open,High,Low,Close,Adj Close,Volume
2/16/2021,393.959991,394.170013,391.529999,392.299988,375.255707,50972400
2/17/2021,390.420013,392.660004,389.329987,392.390015,375.341766,52290600
2/18/2021,389.589996,391.519989,387.73999,390.720001,373.744354,59712800
2/19/2021,392.070007,392.380005,389.549988,390.029999,373.08432,83241000
2/22/2021,387.059998,389.619995,386.73999,387.029999,370.214661,67414200
2/23/2021,384.660004,388.950012,380.200012,387.5,370.664246,107284100
2/24/2021,386.329987,392.230011,385.269989,391.769989,374.748688,72433900
2/25/2021,390.410004,391.880005,380.779999,382.329987,365.718842,146670500
2/26/2021,384.350006,385.579987,378.230011,380.359985,363.834473,152701600
3/1/2021,385.589996,390.920013,380.570007,389.579987,372.653839,105348800
3/2/2021,389.820007,390.070007,386,386.540009,369.74588,79595300
3/3/2021,385.790009,386.829987,381.309998,381.420013,364.84845,119940200
3/4/2021,381.220001,384,371.880005,376.700012,360.333496,183433000
3/5/2021,380.459991,384.76001,372.640015,383.630005,366.962341,152039600
3/8/2021,384.660004,387.679993,381.420013,381.720001,365.135345,123149200
3/9/2021,385.850006,389.910004,385.309998,387.170013,370.348602,113633600
3/10/2021,389.690002,391.399994,388.170013,389.579987,372.653839,109899400
3/11/2021,392.230011,395.649994,391.73999,393.529999,376.432251,86245000
3/12/2021,392.070007,394.209991,391.200012,394.059998,376.93927,64653600
3/15/2021,394.329987,396.690002,392.029999,396.410004,379.187073,73427200
3/16/2021,397.070007,397.829987,395.079987,395.910004,378.708862,73722500
3/17/2021,394.529999,398.119995,393.299988,397.26001,380.000214,97959300
3/18/2021,394.480011,396.720001,390.75,391.480011,374.471344,115349100
3/19/2021,389.880005,391.570007,387.149994,389.480011,373.778442,113624500
3/22/2021,390.029999,394.070007,389.970001,392.589996,376.763092,73778600
3/23/2021,391.910004,393.459991,388.660004,389.5,373.797638,90686600
3/24/2021,391,392.75,387.470001,387.519989,371.89743,97588600
3/25/2021,385.980011,390.549988,383.899994,389.700012,373.989532,116128600
3/26/2021,390.929993,396.410004,390.290009,395.980011,380.016357,114409100
3/29/2021,394.399994,396.75,392.809998,395.779999,379.824493,108107600
3/30/2021,394.420013,395.450012,393.019989,394.730011,378.816772,76262200
3/31/2021,395.339996,398,395.309998,396.329987,380.352295,112734200
4/1/2021,398.399994,400.670013,398.179993,400.609985,384.459747,99682900
4/5/2021,403.459991,406.940002,403.380005,406.359985,389.977875,91684800
4/6/2021,405.76001,407.23999,405.399994,406.119995,389.747559,62021000
4/7/2021,405.940002,406.959991,405.450012,406.589996,390.198639,55836300
4/8/2021,407.929993,408.579987,406.929993,408.519989,392.050873,57863100
4/9/2021,408.390015,411.670013,408.26001,411.48999,394.901062,61104600
4/12/2021,410.850006,411.929993,410.200012,411.640015,395.045074,56704900
4/13/2021,411.529999,413.529999,411.119995,412.859985,396.215881,56551000
4/14/2021,412.829987,413.959991,410.869995,411.450012,394.862732,61659900
4/15/2021,413.73999,416.160004,413.690002,415.869995,399.104614,60229800
4/16/2021,417.25,417.910004,415.730011,417.26001,400.438507,82037300
4/19/2021,416.26001,416.73999,413.790009,415.209991,398.471161,78498500
4/20/2021,413.910004,415.089996,410.589996,412.170013,395.553711,81851800
4/21/2021,411.51001,416.290009,411.359985,416.070007,399.296478,66793000
4/22/2021,415.890015,416.779999,411.130005,412.269989,395.649658,97582800
4/23/2021,412.869995,418.25,412.790009,416.73999,399.939484,73209200
4/26/2021,417.440002,418.220001,416.809998,417.609985,400.774414,52182400
4/27/2021,417.929993,418.140015,416.299988,417.519989,400.688019,51303100
4/28/2021,417.809998,419.01001,416.899994,417.399994,400.572845,51238900
4/29/2021,420.320007,420.720001,416.440002,420.059998,403.12561,78544300
4/30/2021,417.630005,418.540009,416.339996,417.299988,400.476868,85527000
5/3/2021,419.429993,419.839996,417.670013,418.200012,401.340637,68128300
5/4/2021,416.070007,416.600006,411.670013,415.619995,398.864594,101591200
5/5/2021,417.380005,417.630005,415.149994,415.75,398.98941,60162200
5/6/2021,415.829987,419.209991,413.679993,419.070007,402.175568,74321400
5/7/2021,419.890015,422.820007,419.160004,422.119995,405.1026,67733800
5/10/2021,422.5,422.73999,417.809998,417.940002,401.091064,81852400
5/11/2021,413.100006,415.269989,410.059998,414.209991,397.511444,116888000
5/12/2021,411.230011,412.589996,404,405.410004,389.066254,134811000
5/13/2021,407.070007,412.350006,407.019989,410.279999,393.739899,106394000
5/14/2021,413.209991,417.48999,413.179993,416.579987,399.785919,82201600
5/17/2021,415.390015,416.390015,413.359985,415.519989,398.768677,65129200
5/18/2021,415.799988,416.059998,411.769989,411.940002,395.332977,59810200
5/19/2021,406.920013,411.049988,405.329987,410.859985,394.296509,106467100
5/20/2021,411.799988,416.630005,411.670013,415.279999,398.53833,78022200
5/21/2021,416.869995,418.200012,414.450012,414.940002,398.212036,76578700
5/24/2021,417.339996,420.320007,417.079987,419.170013,402.271515,51376700
5/25/2021,420.329987,420.709991,417.619995,418.23999,401.378967,57451400
5/26/2021,418.869995,419.609985,417.76001,419.070007,402.175568,43088600
5/27/2021,420.170013,420.720001,418.98999,419.290009,402.386658,56707700
5/28/2021,420.970001,421.25,419.790009,420.040009,403.106476,58520200
6/1/2021,422.570007,422.720001,419.200012,419.670013,402.751404,54216600
6/2/2021,420.369995,421.230011,419.290009,420.329987,403.384735,49097100
6/3/2021,417.850006,419.98999,416.279999,418.769989,401.887634,58138800
6/4/2021,420.75,422.920013,418.839996,422.600006,405.563202,55938800
6/7/2021,422.589996,422.779999,421.190002,422.190002,405.1698,51555000
6/8/2021,423.109985,423.209991,420.320007,422.279999,405.256165,47134300
6/9/2021,423.179993,423.26001,421.410004,421.649994,404.65152,48436300
6/10/2021,422.959991,424.630005,421.549988,423.609985,406.532562,51020100
6/11/2021,424.200012,424.429993,422.820007,424.309998,407.204315,45570800
6/14/2021,424.429993,425.369995,423.100006,425.26001,408.115997,42358500
6/15/2021,425.420013,425.459991,423.540009,424.480011,407.367432,51508500
6/16/2021,424.630005,424.869995,419.920013,422.109985,405.092987,80386100
6/17/2021,421.670013,423.019989,419.320007,421.970001,404.958618,90949700
6/18/2021,417.089996,417.829987,414.700012,414.920013,399.495544,118676300
6/21/2021,416.799988,421.059998,415.929993,420.859985,405.214722,72822000
6/22/2021,420.850006,424,420.079987,423.109985,407.381073,57700300
6/23/2021,423.190002,424.049988,422.51001,422.600006,406.890045,49445400
6/24/2021,424.890015,425.549988,424.619995,425.100006,409.297089,45110300
6/25/2021,425.899994,427.089996,425.549988,426.609985,410.750977,58129500
6/28/2021,427.170013,427.649994,425.890015,427.470001,411.579071,53159600
6/29/2021,427.880005,428.559998,427.130005,427.700012,411.800446,35970500
6/30/2021,427.209991,428.779999,427.179993,428.059998,412.147095,64827900
7/1/2021,428.869995,430.600006,428.799988,430.429993,414.429016,53441000
7/2/2021,431.670013,434.100006,430.519989,433.720001,417.596649,57697700
7/6/2021,433.779999,434.01001,430.01001,432.929993,416.83606,68710400
7/7/2021,433.660004,434.76001,431.51001,434.459991,418.309143,63549500
7/8/2021,428.779999,431.730011,427.519989,430.920013,414.900757,97595200
7/9/2021,432.529999,435.839996,430.709991,435.519989,419.329742,76238600
7/12/2021,435.429993,437.350006,434.970001,437.079987,420.831726,52889600
7/13/2021,436.23999,437.839996,435.309998,435.589996,419.397186,52911300
7/14/2021,437.399994,437.920013,434.910004,436.23999,420.02301,64130400
7/15/2021,434.809998,435.529999,432.720001,434.75,418.588409,55126400
7/16/2021,436.01001,436.059998,430.920013,431.339996,415.305115,75874700
7/19/2021,426.190002,431.410004,421.970001,424.970001,409.171936,147987000
7/20/2021,425.679993,432.420013,424.829987,431.059998,415.035553,99608200
7/21/2021,432.339996,434.700012,431.01001,434.549988,418.395813,64724400
7/22/2021,434.73999,435.720001,433.690002,435.459991,419.272003,47878500
7/23/2021,437.519989,440.299988,436.790009,439.940002,423.58548,63766600
7/26/2021,439.309998,441.029999,439.26001,441.019989,424.625305,43719200
7/27/2021,439.910004,439.940002,435.98999,439.01001,422.690002,67397100
7/28/2021,439.679993,440.299988,437.309998,438.829987,422.516724,52472400
7/29/2021,439.820007,441.799988,439.809998,440.649994,424.269012,47435300
7/30/2021,437.910004,440.059998,437.769989,438.51001,422.208649,68951200
8/2/2021,440.339996,440.929993,437.209991,437.589996,421.322815,58783300
8/3/2021,438.440002,441.279999,436.100006,441.149994,424.750488,58053900
8/4/2021,439.779999,441.119995,438.730011,438.980011,422.661163,46732200
8/5/2021,440.220001,441.850006,439.880005,441.76001,425.337799,38969700
8/6/2021,442.100006,442.940002,441.799988,442.48999,426.04068,46930000
8/9/2021,442.459991,442.799988,441.309998,442.130005,425.694,41222600
8/10/2021,442.609985,443.440002,441.880005,442.679993,426.223602,43339300
8/11/2021,443.820007,443.880005,442.619995,443.779999,427.282715,44034300
8/12/2021,443.619995,445.26001,442.660004,445.109985,428.563232,38909400
8/13/2021,445.589996,445.940002,445.070007,445.920013,429.343109,39470300
8/16/2021,444.529999,447.109985,442.869995,446.970001,430.354095,73740000
8/17/2021,444.23999,444.959991,440.850006,444.040009,427.533051,92673900
8/18/2021,442.959991,444.630005,438.920013,439.179993,422.853729,89351900
8/19/2021,436.269989,441.140015,436.119995,439.859985,423.508392,92812200
8/20/2021,440.230011,443.709991,439.709991,443.359985,426.878296,72008700
8/23/2021,445.160004,448.230011,443.440002,447.26001,430.633331,54973000
8/24/2021,447.970001,448.540009,447.420013,447.970001,431.316925,38744700
8/25/2021,448.170013,449.459991,447.769989,448.910004,432.222046,40529700
8/26/2021,448.609985,448.859985,446.160004,446.26001,429.670532,57829600
8/27/2021,447.119995,450.649994,447.059998,450.25,433.512207,77235100
8/30/2021,450.970001,453.070007,450.709991,452.230011,435.418579,48357400
8/31/2021,452.130005,452.48999,450.920013,451.559998,434.773499,59300200
9/1/2021,452.559998,453.109985,451.549988,451.799988,435.004547,48721400
9/2/2021,453.320007,454.049988,451.910004,453.190002,436.342926,42501000
9/3/2021,451.980011,453.630005,451.549988,453.079987,436.237,47170500
9/7/2021,452.709991,452.809998,450.73999,451.459991,434.677185,51671500
9/8/2021,450.890015,451.670013,448.859985,450.910004,434.147644,56181900
9/9/2021,450.700012,452.570007,448.720001,448.980011,432.289398,57970400
9/10/2021,451.040009,451.48999,445.309998,445.440002,428.880981,89948200
9/13/2021,448.640015,448.920013,444.109985,446.579987,429.978577,83738600
9/14/2021,448.119995,448.339996,443.220001,444.170013,427.658234,78197100
9/15/2021,444.619995,448.410004,443.440002,447.880005,431.230316,78792200
9/16/2021,447.320007,448.359985,444.019989,447.170013,430.546722,77786700
9/17/2021,444.920013,445.369995,441.019989,441.399994,426.352753,118425000
9/20/2021,434.880005,436.559998,428.859985,434.040009,419.243652,166445500
9/21/2021,436.529999,437.910004,433.070007,433.630005,418.847565,92526100
9/22/2021,436.049988,440.029999,433.75,437.859985,422.93335,102350100
9/23/2021,439.850006,444.890015,439.600006,443.179993,428.072052,76396000
9/24/2021,441.440002,444.670013,441.209991,443.910004,428.7771,62094800
9/27/2021,442.809998,444.049988,441.899994,442.640015,427.550446,61371100
9/28/2021,439.690002,440.040009,432.940002,433.720001,418.934509,130436300
9/29/2021,435.190002,437.040009,433.850006,434.450012,419.639648,82329200
9/30/2021,436.019989,436.769989,428.779999,429.140015,414.510681,140506000
10/1/2021,430.980011,436.029999,427.230011,434.23999,419.436829,129240100
10/4/2021,433,433.959991,426.359985,428.640015,414.02774,128570000
10/5/2021,430.23999,435.48999,429.390015,433.100006,418.335663,90682500
10/6/2021,429.269989,435.119995,427.540009,434.899994,420.074341,113032200
10/7/2021,438.390015,441.679993,438.200012,438.660004,423.706146,72437500
10/8/2021,439.480011,439.890015,437.190002,437.859985,422.93335,74557400
10/11/2021,437.160004,440.26001,434.619995,434.690002,419.87146,65233300
10/12/2021,435.670013,436.100006,432.779999,433.619995,418.837952,71181200
10/13/2021,434.709991,436.049988,431.540009,435.179993,420.344727,72974000
10/14/2021,439.079987,442.660004,438.579987,442.5,427.415192,70236800
10/15/2021,444.75,446.26001,444.089996,445.869995,430.670349,66260200
10/18/2021,443.970001,447.549988,443.269989,447.190002,431.945313,62213200
10/19/2021,448.920013,450.709991,448.269989,450.640015,435.27771,46996800
10/20/2021,451.130005,452.730011,451.01001,452.410004,436.987427,49571600
10/21/2021,451.769989,453.829987,451.309998,453.589996,438.127167,41305400
10/22/2021,453.130005,454.670013,451.049988,453.119995,437.673187,58845100
10/25/2021,454.279999,455.899994,452.390015,455.549988,440.020355,45214500
10/26/2021,457.200012,458.48999,455.559998,455.959991,440.416382,56075100
10/27/2021,456.450012,457.160004,453.859985,453.940002,438.46524,72438000
10/28/2021,455.459991,458.399994,455.450012,458.320007,442.695923,51437900
10/29/2021,455.869995,459.559998,455.559998,459.25,443.594238,70162400
11/1/2021,460.299988,460.700012,458.200012,460.040009,444.3573,48433600
11/2/2021,460.220001,462.230011,460.079987,461.899994,446.15387,48908400
11/3/2021,461.299988,465.149994,460.829987,464.720001,448.877747,52509800
11/4/2021,465.359985,467,464.98999,466.910004,450.993073,52847100
11/5/2021,469.279999,470.649994,466.920013,468.529999,452.557861,66390600
11/8/2021,469.700012,470.230011,468.200012,468.929993,452.944183,50405200
11/9/2021,469.320007,469.570007,465.880005,467.380005,451.447083,51149100
11/10/2021,465.579987,467.380005,462.040009,463.619995,447.815247,69429700
11/11/2021,465.209991,465.290009,463.75,463.769989,447.960114,34848500
11/12/2021,465.119995,467.859985,464.109985,467.269989,451.34082,53466700
11/15/2021,468.640015,468.809998,466.230011,467.429993,451.4953,46980500
11/16/2021,467.149994,470.48999,467.070007,469.279999,453.282257,48857500
11/17/2021,469,469.190002,467.480011,468.140015,452.181183,47858300
11/18/2021,469.23999,470.01001,466.339996,469.730011,453.71701,50625600
11/19/2021,469.609985,470.940002,468.5,468.890015,452.905579,57315600
11/22/2021,470.890015,473.540009,467.350006,467.570007,451.630554,72762000
11/23/2021,467.220001,469.100006,464.450012,468.190002,452.229462,73206500
11/24/2021,466.059998,469.570007,465.190002,469.440002,453.436829,61858800
11/26/2021,462.339996,463.899994,457.769989,458.970001,443.323792,112669600
11/29/2021,464.070007,466.559998,461.730011,464.600006,448.76178,86268800
11/30/2021,462,464.029999,455.299988,455.559998,440.030029,148559600
12/1/2021,461.640015,464.670013,450.290009,450.5,435.142487,131939200
12/2/2021,450.730011,459.070007,450.309998,457.399994,441.807281,127637800
12/3/2021,459.170013,460.299988,448.920013,453.420013,437.962952,137331600
12/6/2021,456.130005,460.790009,453.559998,458.790009,443.149902,98977500
12/7/2021,464.410004,468.880005,458.649994,468.279999,452.316376,95484700
12/8/2021,468.700012,470,466.829987,469.519989,453.51416,72238800
12/9/2021,468.149994,469.630005,466.140015,466.350006,450.452209,61272600
12/10/2021,469.230011,470.899994,466.51001,470.73999,454.692474,77159800
12/13/2021,470.190002,470.559998,466.269989,466.570007,450.664703,87724700
12/14/2021,463.089996,465.73999,460.25,463.359985,447.564087,97264100
12/15/2021,463.420013,470.859985,460.73999,470.600006,454.557281,116899300
12/16/2021,472.570007,472.869995,464.799988,466.450012,450.548798,116568600
12/17/2021,461.549988,464.73999,458.059998,459.869995,445.753601,135511600
12/20/2021,454.480011,455.399994,451.140015,454.980011,441.013702,107134800
12/21/2021,458.609985,463.209991,456.309998,463.059998,448.845734,69806300
12/22/2021,462.790009,467.809998,462.579987,467.690002,453.333618,58890200
12/23/2021,468.75,472.190002,468.640015,470.600006,456.154266,56439700
12/27/2021,472.059998,477.309998,472.01001,477.26001,462.609833,56808600
12/28/2021,477.720001,478.809998,476.059998,476.869995,462.231781,47274600
12/29/2021,476.980011,478.559998,475.920013,477.480011,462.82309,54503000
12/30/2021,477.929993,479,475.670013,476.160004,461.54361,55329000
12/31/2021,475.640015,476.859985,474.670013,474.959991,460.380402,65237400
1/3/2022,476.299988,477.850006,473.850006,477.709991,463.04599,72668200
1/4/2022,479.220001,479.980011,475.579987,477.549988,462.890839,71178700
1/5/2022,477.160004,477.980011,468.279999,468.380005,454.002411,104538900
1/6/2022,467.890015,470.820007,465.429993,467.940002,453.575928,86858900
1/7/2022,467.950012,469.200012,464.649994,466.089996,451.782745,85111600
1/10/2022,462.700012,465.73999,456.600006,465.51001,451.22049,119362000
1/11/2022,465.230011,469.850006,462.049988,469.75,455.330353,74303100
1/12/2022,471.589996,473.200012,468.940002,471.019989,456.56134,67605400
1/13/2022,472.190002,472.880005,463.440002,464.529999,450.270569,91173100
1/14/2022,461.190002,465.089996,459.899994,464.720001,450.454742,95890900
1/18/2022,459.73999,459.959991,455.309998,456.48999,442.477417,109709100
1/19/2022,458.130005,459.609985,451.459991,451.75,437.882843,109357600
1/20/2022,453.75,458.73999,444.5,446.75,433.036346,122379700
1/21/2022,445.559998,448.059998,437.950012,437.980011,424.535583,202271200
1/24/2022,432.029999,440.380005,420.76001,439.839996,426.33847,251783900
1/25/2022,433.059998,439.720001,427.149994,434.470001,421.133301,167997300
1/26/2022,440.720001,444.040009,428.859985,433.380005,420.076752,186391100
1/27/2022,438.26001,441.589996,429.450012,431.23999,418.002502,149878300
1/28/2022,432.679993,442,427.820007,441.950012,428.383698,164457400
1/31/2022,441.23999,450.279999,439.809998,449.910004,436.099396,152251400
2/1/2022,450.679993,453.630005,446.940002,452.950012,439.046051,123155400
2/2/2022,455.5,458.119995,453.049988,457.350006,443.310944,117361000
2/3/2022,450.950012,452.970001,445.709991,446.600006,432.891022,118024400
2/4/2022,446.350006,452.779999,443.829987,448.700012,434.926575,118454400
2/7/2022,449.51001,450.98999,445.850006,447.26001,433.53067,84472900
2/8/2022,446.730011,451.920013,445.220001,450.940002,437.097748,81012000
2/9/2022,455.220001,457.880005,455.01001,457.540009,443.495178,92589900
2/10/2022,451.339996,457.709991,447.200012,449.320007,435.527496,140103700
2/11/2022,449.410004,451.609985,438.940002,440.459991,426.939453,153214600
2/14/2022,439.920013,441.600006,435.339996,439.019989,425.543701,123006300
2/15/2022,443.730011,446.279999,443.179993,446.100006,432.406342,88482700
2/16/2022,443.929993,448.059998,441.940002,446.600006,432.891022,84863600
2/17/2022,443.220001,446.570007,436.420013,437.059998,423.643829,102259100
2/18/2022,437.329987,438.660004,431.820007,434.230011,420.900665,132642900
2/22/2022,431.890015,435.5,425.859985,429.570007,416.383759,124391800
2/23/2022,432.660004,433.26001,421.350006,421.950012,408.99765,132578000
2/24/2022,411.019989,428.76001,410.640015,428.299988,415.152649,213942900
2/25/2022,429.609985,437.839996,427.859985,437.75,424.312653,121804500
2/28/2022,432.029999,438.200012,430.700012,436.630005,423.22699,145615000
3/1/2022,435.040009,437.170013,427.109985,429.980011,416.781158,137785900
3/2/2022,432.369995,439.720001,431.570007,437.890015,424.448364,117726500
3/3/2022,440.470001,441.109985,433.799988,435.709991,422.335236,105501700
3/4/2022,431.75,433.369995,427.880005,432.170013,418.903931,113978200
3/7/2022,431.549988,432.299988,419.359985,419.429993,406.554993,137896600
3/8/2022,419.619995,427.209991,415.119995,416.25,403.472565,164772700
3/9/2022,425.140015,429.51001,422.820007,427.410004,414.290039,116990800
3/10/2022,422.519989,426.429993,420.440002,425.480011,412.41925,93972700
3/11/2022,428.119995,428.769989,419.529999,420.070007,407.175354,95636300
3/14/2022,420.890015,424.549988,415.790009,417,404.199585,95729200
3/15/2022,419.769989,426.839996,418.420013,426.170013,413.088165,106219100
3/16/2022,429.890015,435.679993,424.799988,435.619995,422.248016,144954800
3/17/2022,433.589996,441.070007,433.190002,441.070007,427.530731,102676900
3/18/2022,438,444.859985,437.220001,444.519989,432.213379,106345500
3/21/2022,444.339996,446.459991,440.679993,444.390015,432.087006,88349800
3/22/2022,445.859985,450.579987,445.859985,449.589996,437.143005,74650400
3/23/2022,446.910004,448.48999,443.709991,443.799988,431.513306,79426100
3/24/2022,445.940002,450.5,444.76001,450.48999,438.018066,64736900
3/25/2022,451.160004,452.980011,448.429993,452.690002,440.157196,77101300
3/28/2022,452.059998,455.910004,450.059998,455.910004,443.288025,68529800
3/29/2022,460.019989,462.070007,457.179993,461.549988,448.771942,86581500
3/30/2022,460.339996,461.200012,456.470001,458.700012,446.000793,79666900
3/31/2022,457.890015,458.76001,451.160004,451.640015,439.136292,121699900
4/1/2022,453.309998,453.459991,449.140015,452.920013,440.380859,89048800
4/4/2022,453.130005,456.910004,452.26001,456.799988,444.153442,59601000
4/5/2022,455.220001,457.829987,449.820007,451.029999,438.543121,74214500
4/6/2022,446.890015,448.929993,443.470001,446.519989,434.15802,106898000
4/7/2022,445.589996,450.690002,443.529999,448.769989,436.345734,78097200
4/8/2022,447.970001,450.630005,445.940002,447.570007,435.178955,79272700
4/11/2022,444.109985,445,439.390015,439.920013,427.740753,89770500
4/12/2022,443.079987,445.75,436.649994,438.290009,426.155884,84363600
4/13/2022,438.029999,444.109985,437.839996,443.309998,431.036865,74070400
4/14/2022,443.549988,444.730011,437.679993,437.790009,425.669708,97869500
4/18/2022,436.809998,439.75,435.609985,437.970001,425.844696,66002500
4/19/2022,437.859985,445.799988,437.679993,445.040009,432.718994,77821000
4/20/2022,446.920013,447.570007,443.480011,444.709991,432.398102,65224400
4/21/2022,448.540009,450.01001,437.100006,438.059998,425.93222,85417300
4/22/2022,436.910004,438.079987,425.440002,426.040009,414.245026,132471800
4/25/2022,423.670013,428.690002,418.839996,428.51001,416.646606,119647700
4/26/2022,425.829987,426.040009,416.070007,416.100006,404.5802,103996300
4/27/2022,417.23999,422.920013,415.01001,417.269989,405.717804,122030000
4/28/2022,422.290009,429.640015,417.600006,427.809998,415.966003,105449100
4/29/2022,423.589996,425.869995,411.209991,412,400.59375,145491100
5/2/2022,412.070007,415.920013,405.019989,414.480011,403.005035,158312500
5/3/2022,415.01001,418.929993,413.359985,416.380005,404.852417,100028200
5/4/2022,417.079987,429.660004,413.709991,429.059998,417.181396,144247900
5/5/2022,424.549988,425,409.440002,413.809998,402.353607,172929100
5/6/2022,411.100006,414.799988,405.730011,411.339996,399.951965,151770800
5/9/2022,405.100006,406.410004,396.5,398.170013,387.146606,155586100
5/10/2022,404.48999,406.079987,394.820007,399.089996,388.041138,132497200
5/11/2022,398.070007,404.040009,391.959991,392.75,381.876617,142361000
5/12/2022,389.369995,395.799988,385.149994,392.339996,381.478027,125090800
5/13/2022,396.709991,403.179993,395.609985,401.720001,390.598297,104174400
5/16/2022,399.980011,403.970001,397.600006,400.089996,389.013428,78622400
5/17/2022,406.529999,408.570007,402.579987,408.320007,397.015625,83029700
5/18/2022,403.5,403.799988,390.549988,391.859985,381.01123,117674500
5/19/2022,388.619995,394.140015,387.109985,389.459991,378.677704,98510700
5/20/2022,393.25,397.029999,380.540009,389.630005,378.843018,131432200
5/23/2022,392.829987,397.730011,390.380005,396.920013,385.931244,76414900
5/24/2022,392.559998,395.149994,386.959991,393.890015,382.985138,91448800
5/25/2022,392.309998,399.450012,391.890015,397.369995,386.368774,91472900
5/26/2022,398.670013,407.040009,398.450012,405.309998,394.088898,82168300
5/27/2022,407.910004,415.380005,407.700012,415.26001,403.763489,84768700
5/31/2022,413.549988,416.459991,410.029999,412.929993,401.497955,95937000
6/1/2022,415.170013,416.23999,406.929993,409.589996,398.250366,86585800
6/2/2022,409.420013,417.440002,407.040009,417.390015,405.834503,79609600
6/3/2022,412.399994,414.040009,409.51001,410.540009,399.174133,71874300
6/6/2022,414.779999,416.609985,410.549988,411.790009,400.389557,57508900
6/7/2022,408.100006,416.220001,407.609985,415.73999,404.230103,59272400
6/8/2022,413.929993,415.820007,410.380005,411.220001,399.835327,64350000
6/9/2022,409.339996,411.73999,401.440002,401.440002,390.32605,86289800
6/10/2022,394.880005,395.779999,389.75,389.799988,379.008301,132893900
6/13/2022,379.850006,381.809998,373.299988,375,364.618042,170004900
6/14/2022,376.850006,377.940002,370.589996,373.869995,363.519348,104011800
6/15/2022,377.359985,383.899994,372.119995,379.200012,368.701813,125666800
6/16/2022,370.51001,370.940002,364.079987,366.649994,356.499207,134473300
6/17/2022,365.51001,369.380005,362.170013,365.859985,357.267761,111113900
6/21/2022,371.890015,376.529999,371.809998,375.070007,366.261444,76811900
6/22/2022,370.619995,378.720001,370.179993,374.390015,365.597473,90059400
6/23/2022,376.640015,378.829987,372.890015,378.059998,369.181244,79292100
6/24/2022,381.399994,390.089996,381.369995,390.079987,380.918884,98050300
6/27/2022,391.049988,391.359985,387.440002,388.589996,379.463928,66009600
6/28/2022,390.230011,393.160004,380.529999,380.649994,371.710419,86548900
6/29/2022,381.230011,382.269989,378.420013,380.339996,371.407715,65676000
6/30/2022,376.23999,380.660004,372.559998,377.25,368.390289,112508300
7/1/2022,376.559998,381.700012,373.799988,381.23999,372.28656,74839700
7/5/2022,375.880005,381.980011,372.899994,381.959991,372.989655,81438000
7/6/2022,382.109985,385.869995,379.600006,383.25,374.249359,70426200
7/7/2022,385.119995,389.829987,383.269989,388.98999,379.854553,64525900
7/8/2022,387.269989,390.640015,385.660004,388.670013,379.542084,72397800
7/11/2022,385.850006,386.869995,383.5,384.230011,375.206299,58366900
7/12/2022,383.649994,386.160004,378.98999,380.829987,371.8862,62219200
7/13/2022,375.100006,381.920013,374.660004,378.829987,369.933136,84224600
7/14/2022,373.609985,379.049988,371.040009,377.910004,369.03476,89704800
7/15/2022,382.549988,385.25,380.540009,385.130005,376.085236,79060400
7/18/2022,388.380005,389.089996,380.660004,381.950012,372.979889,63203600
7/19/2022,386.079987,392.869995,385.390015,392.269989,383.057495,78506000
7/20/2022,392.470001,396.26001,391.029999,394.769989,385.498779,71843800
7/21/2022,394.160004,398.839996,391.630005,398.790009,389.424408,64903900
7/22/2022,398.920013,400.179993,392.75,395.089996,385.811279,72197300
7/25/2022,395.75,396.470001,393.209991,395.570007,386.280029,53631500
7/26/2022,393.839996,394.059998,389.950012,390.890015,381.70993,52946400
7/27/2022,394.359985,402.880005,394.049988,401.040009,391.621552,82342100
7/28/2022,401.890015,406.799988,398.149994,406.070007,396.533386,73966600
7/29/2022,407.579987,413.029999,406.769989,411.98999,402.314392,87003700
8/1/2022,409.149994,413.410004,408.399994,410.769989,401.123047,69997500
8/2/2022,409.119995,413,406.820007,408.059998,398.476715,63435400
8/3/2022,410.299988,415.679993,410,414.450012,404.716675,67820600
8/4/2022,414.369995,415.089996,412.440002,414.170013,404.443207,45656600
8/5/2022,409.660004,414.149994,409.600006,413.470001,403.759613,56814900
8/8/2022,415.25,417.619995,411.829987,412.98999,403.290894,53886100
8/9/2022,412.220001,412.75,410.220001,411.350006,401.689392,44931800
8/10/2022,418.779999,420.140015,416.720001,419.98999,410.126526,68665700
8/11/2022,422.98999,424.950012,419.209991,419.98999,410.126526,59489700
8/12/2022,422.029999,427.209991,421.029999,427.100006,417.06955,61694500
8/15/2022,424.769989,429.410004,424.709991,428.859985,418.788177,54048300
8/16/2022,427.730011,431.730011,426.880005,429.700012,419.608459,59289000
8/17/2022,425.910004,429.5,424.540009,426.649994,416.630066,63563400
8/18/2022,426.859985,428.609985,425.5,427.890015,417.841003,49023200
8/19/2022,424.980011,425.26001,421.220001,422.140015,412.226044,68016900
8/22/2022,417.049988,417.230011,412.399994,413.350006,403.642487,77695600
8/23/2022,412.899994,415.420013,411.769989,412.350006,402.665924,49105200
8/24/2022,412.109985,415.109985,411.390015,413.670013,403.954926,49177800
8/25/2022,415.23999,419.559998,414.089996,419.51001,409.657806,50942300
8/26/2022,419.390015,419.959991,405.25,405.309998,395.791229,103087000
8/29/2022,402.200012,405.839996,401.200012,402.630005,393.174225,65370800
8/30/2022,403.850006,404.100006,396,398.209991,388.858002,85652400
8/31/2022,399.929993,401.23999,395.040009,395.179993,385.89917,76029700
9/1/2022,392.890015,396.779999,390.040009,396.420013,387.110077,78740100
9/2/2022,400.279999,401.559998,390.329987,392.23999,383.028229,99632100
9/6/2022,393.130005,394.119995,388.420013,390.76001,381.582977,76637400
9/7/2022,390.429993,398.589996,390.200012,397.779999,388.438141,70964200
9/8/2022,395.390015,400.859985,394.119995,400.380005,390.977051,80821700
9/9/2022,402.73999,407.51001,402.459991,406.600006,397.050995,76706900
9/12/2022,408.779999,411.730011,408.459991,410.970001,401.318329,69256300
9/13/2022,401.829987,403.100006,391.920013,393.100006,383.868011,122947100
9/14/2022,394.470001,396.200012,391.119995,394.600006,385.332794,85023700
9/15/2022,392.959991,395.959991,388.779999,390.119995,380.958038,87633800
9/16/2022,384.140015,386.25,382.109985,385.559998,378.051727,103084800
9/19/2022,382.26001,388.549988,382.179993,388.549988,380.983521,73278500
9/20/2022,385.059998,386.119995,381.200012,384.089996,376.610321,77274900
9/21/2022,386.109985,389.309998,377.380005,377.390015,370.040833,106746600
9/22/2022,376.579987,378.299988,373.440002,374.220001,366.932526,89472600
9/23/2022,370.579987,370.619995,363.290009,367.950012,360.784637,122346900
9/26/2022,366.410004,370.209991,363.029999,364.309998,357.215515,92581200
9/27/2022,368.019989,370.399994,360.869995,363.380005,356.30365,108294100
9/28/2022,364.380005,372.299988,362.600006,370.529999,363.314392,110802200
9/29/2022,366.809998,367.109985,359.700012,362.790009,355.725159,112952300
9/30/2022,361.799988,365.910004,357.040009,357.179993,350.224365,153711200
10/3/2022,361.079987,368.549988,359.209991,366.609985,359.470764,89756500
10/4/2022,372.399994,378,366.570007,377.970001,370.609528,103602800
10/5/2022,373.390015,379.459991,370.950012,377.089996,369.746674,88065700
10/6/2022,375.619995,378.720001,372.679993,373.200012,365.932404,82333500
10/7/2022,368.970001,373.290009,360.940002,362.790009,355.725159,107789500
10/10/2022,363.959991,364.209991,357.670013,360.019989,353.009094,76042800
10/11/2022,358.23999,363.029999,355.709991,357.73999,350.773468,92482800
10/12/2022,358.170013,359.820007,356.299988,356.559998,349.616455,76991800
10/13/2022,349.209991,367.51001,348.109985,365.970001,358.843231,147254500
10/14/2022,368.549988,370.26001,356.959991,357.630005,350.665619,123737000
10/17/2022,364.01001,367.980011,357.279999,366.820007,359.676697,93168200
10/18/2022,375.130005,375.450012,367.519989,371.130005,363.90271,97162900
10/19/2022,368.98999,371.850006,365.549988,368.5,361.323914,79746900
10/20/2022,368.029999,372.670013,364.609985,365.410004,358.294128,88283100
10/21/2022,365.119995,374.799988,363.540009,374.290009,367.00119,131038400
10/24/2022,375.890015,380.059998,373.109985,378.869995,371.492004,85436900
10/25/2022,378.790009,385.25,378.670013,384.920013,377.424194,78846300
10/26/2022,381.619995,387.579987,381.350006,382.019989,374.580658,104087300
10/27/2022,383.070007,385,379.329987,379.980011,372.580414,81971800
10/28/2022,379.869995,389.519989,379.679993,389.019989,381.444305,100302000
10/31/2022,386.440002,388.399994,385.26001,386.209991,378.689056,96631300
11/1/2022,390.140015,390.390015,383.290009,384.519989,377.031982,85407600
11/2/2022,383.899994,388.630005,374.76001,374.869995,367.569885,126990400
11/3/2022,371.470001,374.200012,368.790009,371.01001,363.785065,87100100
11/4/2022,377,378.869995,370,376.350006,369.021088,103505200
11/7/2022,377.709991,380.570007,375.529999,379.950012,372.550964,68286900
11/8/2022,381.109985,385.119995,377.720001,382,374.561066,84641100
11/9/2022,379.929993,381.140015,373.609985,374.130005,366.84436,78495500
11/10/2022,388.049988,395.040009,385.640015,394.690002,387.003937,141455800
11/11/2022,395.589996,399.350006,393.609985,398.51001,390.749573,93839900
11/14/2022,396.660004,400.179993,394.829987,395.119995,387.425568,71903500
11/15/2022,401.149994,402.309998,394.48999,398.48999,390.72995,93194500
11/16/2022,396.779999,397.779999,394.790009,395.450012,387.749146,68508500
11/17/2022,390.459991,394.950012,390.140015,394.23999,386.562653,74496300
11/18/2022,397.73999,397.809998,393.040009,396.029999,388.31781,92922500
11/21/2022,394.640015,395.820007,392.660004,394.589996,386.905884,51243200
11/22/2022,396.630005,400.070007,395.149994,399.899994,392.112457,60429000
11/23/2022,399.549988,402.929993,399.309998,402.420013,394.583405,68261600
11/25/2022,401.829987,402.910004,401.540009,402.329987,394.495148,30545400
11/28/2022,399.089996,400.809998,395.109985,395.910004,388.200195,67881600
11/29/2022,396.049988,397.299988,393.299988,395.230011,387.533386,52310000
11/30/2022,395.48999,407.679993,393.480011,407.679993,399.740906,144566700
12/1/2022,408.769989,410,404.75,407.380005,399.446838,76398200
12/2/2022,402.25,407.859985,402.140015,406.910004,398.985992,85342700
12/5/2022,403.950012,404.929993,398.170013,399.589996,391.808502,77289800
12/6/2022,399.420013,399.98999,391.640015,393.829987,386.160675,77972200
12/7/2022,392.940002,395.640015,391.970001,393.160004,385.503723,65927900
12/8/2022,395.140015,397.359985,393.269989,396.23999,388.523743,60737900
12/9/2022,394.940002,397.619995,393.149994,393.279999,385.621368,81447700
12/12/2022,394.109985,398.950012,393.410004,398.950012,391.180969,75405800
12/13/2022,410.220001,410.48999,399.070007,401.970001,394.142151,123782500
12/14/2022,401.609985,405.5,396.309998,399.399994,391.622192,108111300
12/15/2022,394.299988,395.25,387.890015,389.630005,382.04245,117705900
12/16/2022,385.179993,386.579987,381.040009,383.269989,377.532013,119858000
12/19/2022,383.470001,383.820007,378.279999,380.019989,374.330658,79878100
12/20/2022,379.230011,382.230011,377.850006,380.540009,374.842865,74427200
12/21/2022,383.25,387.410004,382.690002,386.230011,380.447723,78167400
12/22/2022,383.049988,386.209991,374.769989,380.720001,375.020203,100120900
12/23/2022,379.649994,383.059998,378.029999,382.910004,377.177399,59857300
12/27/2022,382.790009,383.149994,379.649994,381.399994,375.690033,51638200
12/28/2022,381.329987,383.390015,376.420013,376.660004,371.020966,70911500
12/29/2022,379.630005,384.350006,379.079987,383.440002,377.699463,66970900
12/30/2022,380.640015,382.579987,378.429993,382.429993,376.70462,84022200
1/3/2023,384.369995,386.429993,377.829987,380.820007,375.118713,74850700
1/4/2023,383.179993,385.880005,380,383.76001,378.014709,85934100
1/5/2023,381.720001,381.839996,378.76001,379.380005,373.700256,76970500
1/6/2023,382.609985,389.25,379.410004,388.079987,382.269989,104189600
1/9/2023,390.369995,393.700012,387.670013,387.859985,382.053284,73978100
1/10/2023,387.25,390.649994,386.269989,390.579987,384.732544,65358100
1/11/2023,392.230011,395.600006,391.380005,395.519989,389.598633,68881100
1/12/2023,396.670013,398.48999,392.420013,396.959991,391.017029,90157700
1/13/2023,393.619995,399.100006,393.339996,398.5,392.534027,63903900
1/17/2023,398.480011,400.230011,397.059998,397.769989,391.814911,62677300
1/18/2023,399.01001,400.119995,391.279999,391.48999,385.628937,99632300
1/19/2023,389.359985,391.079987,387.26001,388.640015,382.821625,86958900
1/20/2023,390.100006,396.040009,388.380005,395.880005,389.953217,91806400
1/23/2023,396.720001,402.649994,395.720001,400.630005,394.632111,84178800
1/24/2023,398.880005,401.149994,397.640015,400.200012,394.208557,59524900
1/25/2023,395.950012,400.700012,393.559998,400.350006,394.356323,84800300
1/26/2023,403.130005,404.920013,400.029999,404.75,398.69046,72287400
1/27/2023,403.660004,408.160004,403.440002,405.679993,399.606506,68346200
1/30/2023,402.799988,405.130005,400.279999,400.589996,394.592682,74202000
1/31/2023,401.130005,406.529999,400.769989,406.480011,400.394562,86811800
2/1/2023,405.209991,413.670013,402.350006,410.799988,404.649841,101459200
2/2/2023,414.859985,418.309998,412.880005,416.779999,410.540314,101654500
2/3/2023,411.589996,416.970001,411.089996,412.350006,406.176636,94736800
2/6/2023,409.790009,411.290009,408.100006,409.829987,403.694366,60295300
2/7/2023,408.869995,416.48999,407.570007,415.190002,408.974152,90990700
2/8/2023,413.130005,414.529999,409.929993,410.649994,404.502075,76227500
2/9/2023,414.410004,414.570007,405.809998,407.089996,400.995392,78694900
2/10/2023,405.859985,408.440002,405.01001,408.040009,401.931183,70769700
2/13/2023,408.720001,412.970001,408.23999,412.829987,406.649475,64913500
2/14/2023,411.23999,415.049988,408.51001,412.640015,406.462341,88389300
2/15/2023,410.350006,414.059998,409.470001,413.980011,407.782288,61555700
2/16/2023,408.790009,412.910004,408.140015,408.279999,402.167603,76431500
2/17/2023,406.059998,407.51001,404.049988,407.26001,401.162872,89257800
2/21/2023,403.059998,404.160004,398.820007,399.089996,393.115204,82655900
2/22/2023,399.519989,401.130005,397.019989,398.540009,392.573425,83742300
2/23/2023,401.559998,402.200012,396.25,400.660004,394.661682,96242400
2/24/2023,395.420013,397.25,393.640015,396.380005,390.44574,108194400
2/27/2023,399.869995,401.290009,396.75,397.730011,391.775543,80444700
2/28/2023,397.230011,399.279999,396.149994,396.26001,390.327576,96438600
3/1/2023,395.410004,396.690002,393.380005,394.73999,388.830322,99706800
3/2/2023,392.679993,398.690002,392.329987,397.809998,391.854309,85127800
3/3/2023,399.709991,404.450012,399.029999,404.190002,398.138794,90120000
3/6/2023,405.049988,407.450012,404.01001,404.470001,398.414642,72795900
3/7/2023,404.420013,404.670013,397.630005,398.269989,392.307434,108310600
3/8/2023,398.390015,399.709991,396.589996,398.920013,392.947723,74746600
3/9/2023,399.73999,401.480011,390.529999,391.559998,385.697906,111945300
3/10/2023,390.98999,393.160004,384.320007,385.910004,380.132538,189253000
3/13/2023,381.809998,390.390015,380.649994,385.359985,379.590729,157790000
3/14/2023,390.5,393.450012,387.049988,391.730011,385.865356,149752400
3/15/2023,385.890015,389.48999,383.709991,389.279999,383.452057,172996900
3/16/2023,386.820007,396.470001,386.290009,396.109985,390.179779,143254200
3/17/2023,393.220001,394.399994,388.549988,389.98999,385.617523,140553400
3/20/2023,390.799988,394.170013,390.070007,393.73999,389.32547,93055800
3/21/2023,397.23999,399.410004,395.579987,398.910004,394.4375,91524200
3/22/2023,398.730011,402.48999,392.070007,392.109985,387.713745,111746600
3/23/2023,395.089996,399.290009,390.350006,393.170013,388.761902,119351300
3/24/2023,391.839996,395.839996,389.399994,395.75,391.312927,107682400
3/27/2023,398.119995,398.920013,395.559998,396.48999,392.044647,74010400
3/28/2023,395.769989,396.48999,393.690002,395.600006,391.164642,62871700
3/29/2023,399.929993,401.600006,398.679993,401.350006,396.850189,77497900
3/30/2023,404.089996,404.350006,401.76001,403.700012,399.173859,69840000
3/31/2023,404.660004,409.700012,404.549988,409.390015,404.800018,112062600
4/3/2023,408.850006,411.369995,408.440002,410.950012,406.342529,67391100
4/4/2023,411.619995,411.920013,407.23999,408.670013,404.088104,66601500
4/5/2023,407.910004,408.700012,405.880005,407.600006,403.030121,65200200
4/6/2023,406.769989,409.480011,405.679993,409.190002,404.602264,63743300
4/10/2023,406.609985,409.690002,405.970001,409.609985,405.017517,63681000
4/11/2023,410.26001,411.179993,408.920013,409.720001,405.126312,59297900
4/12/2023,411.869995,412.170013,407.440002,408.049988,403.475037,86420400
4/13/2023,409.179993,413.839996,407.98999,413.470001,408.834259,85814800
4/14/2023,412.809998,415.089996,410.059998,412.459991,407.835602,78161500
4/17/2023,412.369995,413.959991,411.089996,413.940002,409.299011,66436400
4/18/2023,415.579987,415.720001,412.779999,414.209991,409.565979,63560000
4/19/2023,412.220001,415.079987,412.160004,414.140015,409.496765,55227300
4/20/2023,411.209991,413.700012,410.269989,411.880005,407.262115,75840400
4/21/2023,412.190002,412.679993,410.170013,412.200012,407.578522,73457400
4/24/2023,411.98999,413.070007,410.600006,412.630005,408.003693,64332100
4/25/2023,410.579987,411.160004,406.019989,406.079987,401.52713,97766700
4/26/2023,406.720001,407.839996,403.779999,404.359985,399.826416,80447000
4/27/2023,407,412.690002,406.73999,412.410004,407.786194,92968400
4/28/2023,411.48999,415.940002,411.429993,415.929993,411.266693,89335600
5/1/2023,415.470001,417.619995,415.269989,415.51001,410.851379,62122300
5/2/2023,414.769989,414.820007,407.820007,410.839996,406.233765,103998500
5/3/2023,411.359985,413.869995,407.769989,408.019989,403.445374,91531800
5/4/2023,406.929993,407.269989,403.73999,405.130005,400.587799,94901900
5/5/2023,408.910004,413.720001,408.640015,412.630005,408.003693,87844000
5/8/2023,412.970001,413.23999,411.279999,412.73999,408.112457,50046800
5/9/2023,411.130005,412.089996,410.690002,410.929993,406.322754,49220100
5/10/2023,413.880005,414.540009,408.869995,412.850006,408.221252,96142900
5/11/2023,411.950012,412.429993,409.970001,412.130005,407.509308,70157100
5/12/2023,413.420013,413.640015,409.070007,411.589996,406.975342,70439400
5/15/2023,412.220001,413.429993,410.230011,413.01001,408.379456,54289400
5/16/2023,411.859985,412.820007,410.23999,410.25,405.65036,57705500
5/17/2023,412.350006,415.859985,410.640015,415.230011,410.574554,87287000
5/18/2023,414.899994,419.670013,414.670013,419.230011,414.529724,97177200
5/19/2023,420.170013,420.720001,417.350006,418.619995,413.926544,103679700
5/22/2023,418.640015,420.390015,417.350006,418.790009,414.094666,60745400
5/23/2023,417.079987,418.720001,413.679993,414.089996,409.447327,86383500
5/24/2023,412.420013,412.820007,409.880005,411.089996,406.480988,89213700
5/25/2023,414.73999,416.160004,412.410004,414.649994,410.001038,90961600
5/26/2023,415.329987,420.769989,415.25,420.019989,415.310822,93830000
5/30/2023,422.029999,422.579987,418.73999,420.179993,415.469055,72216000
5/31/2023,418.279999,419.220001,416.220001,417.850006,413.165192,110811800
6/1/2023,418.089996,422.920013,416.790009,421.820007,417.090668,88865000
6/2/2023,424.5,428.73999,423.950012,427.920013,423.122284,91366700
6/5/2023,428.279999,429.619995,426.369995,427.100006,422.311493,65460200
6/6/2023,426.670013,428.579987,425.98999,428.029999,423.231018,64022200
6/7/2023,428.440002,429.619995,426.109985,426.549988,421.767609,85373300
6/8/2023,426.619995,429.600006,425.820007,429.130005,424.318726,61952800
6/9/2023,429.959991,431.98999,428.869995,429.899994,425.080048,85742800
6/12/2023,430.920013,433.880005,430.170013,433.799988,428.93634,76104300
6/13/2023,435.320007,437.329987,434.630005,436.660004,431.764282,95899700
6/14/2023,437.01001,439.059998,433.589996,437.179993,432.278473,100612100
6/15/2023,436.329987,443.899994,436.230011,442.600006,437.637695,110303100
6/16/2023,443.019989,443.609985,438.970001,439.459991,436.147003,114121300
6/20/2023,437.450012,438.369995,435.029999,437.179993,433.884186,76160400
6/21/2023,436.160004,436.98999,434.329987,434.940002,431.661102,76982300
6/22/2023,433.950012,436.619995,433.600006,436.51001,433.219269,70637200
6/23/2023,432.929993,435.059998,432.470001,433.209991,429.944122,92074500
6/26/2023,432.619995,434.609985,431.190002,431.440002,428.187469,72823600
6/27/2023,432.350006,436.809998,431.880005,436.170013,432.881836,72813700
6/28/2023,435.049988,437.440002,434.410004,436.390015,433.100189,75636000
6/29/2023,435.959991,438.279999,435.540009,438.109985,434.807159,67882300
6/30/2023,441.440002,444.299988,441.109985,443.279999,439.938202,104921500
7/3/2023,442.920013,444.079987,442.630005,443.790009,440.444366,32793400
7/5/2023,441.910004,443.890015,441.899994,443.130005,439.789337,58418400
7/6/2023,439.420013,440.100006,437.059998,439.660004,436.34549,80658300
7/7/2023,438.630005,442.640015,438.299988,438.549988,435.243866,86076100
7/10/2023,438.179993,439.839996,437.589996,439.660004,436.34549,62443500
7/11/2023,440.450012,442.970001,439.440002,442.459991,439.124359,64463800
7/12/2023,446.390015,447.480011,444.910004,446.019989,442.657532,91924500
7/13/2023,447.899994,450.380005,447.450012,449.559998,446.170868,72425200
7/14/2023,450.480011,451.359985,448.48999,449.279999,445.892975,69761800
7/17/2023,449.130005,451.929993,449.079987,450.839996,447.441193,52680200
7/18/2023,450.5,454.859985,450.049988,454.190002,450.765961,80744400
7/19/2023,455.01001,456.429993,454.109985,455.200012,451.768341,65891700
7/20/2023,454.170013,455.100006,451.440002,452.179993,448.771118,70591600
7/21/2023,453.959991,454.170013,452.170013,452.179993,448.771118,71245400
7/24/2023,453.369995,455.040009,452.299988,454.200012,450.775879,54023400
7/25/2023,453.920013,456.73999,453.869995,455.440002,452.006531,55191200
7/26/2023,454.470001,456.98999,453.380005,455.51001,452.076019,71052900
7/27/2023,459.019989,459.440002,451.549988,452.48999,449.078766,92194400
7/28/2023,455.880005,457.779999,452.48999,456.920013,453.475403,80011800
7/31/2023,457.410004,458.160004,456.049988,457.790009,454.338837,62040400
8/1/2023,456.269989,457.25,455.48999,456.480011,453.038727,55291500
8/2/2023,453.25,453.519989,449.350006,450.130005,446.736572,93933400
8/3/2023,448.040009,450.790009,447.369995,448.839996,445.456299,64276100
8/4/2023,450.720001,452.899994,446.269989,446.809998,443.441589,100052300
8/7/2023,448.709991,450.869995,447.98999,450.709991,447.312164,58357500
8/8/2023,448.079987,450.700012,445.269989,448.75,445.366974,71361300
8/9/2023,449.029999,449.200012,444.959991,445.75,442.389587,78789600
8/10/2023,448.190002,451.700012,444.700012,445.910004,442.54837,93005500
8/11/2023,443.970001,446.700012,443.350006,445.649994,442.290344,68664600
8/14/2023,444.700012,448.109985,444.380005,448.109985,444.731781,47867400
8/15/2023,446.269989,446.640015,442.299988,442.890015,439.551178,75707500
8/16/2023,442.459991,444.179993,439.529999,439.640015,436.325653,80107200
8/17/2023,441.160004,441.429993,435.75,436.290009,433.000916,95711300
8/18/2023,433.369995,437.570007,433.01001,436.5,433.20932,98758400
8/21/2023,437.549988,440.109985,435.320007,439.339996,436.027924,68719000
8/22/2023,441.179993,441.179993,437.570007,438.149994,434.846863,65062900
8/23/2023,439.25,443.670013,439.100006,443.029999,439.690094,68441000
8/24/2023,444.690002,445.220001,436.859985,436.890015,433.596405,88517300
8/25/2023,438.679993,441.299988,435,439.970001,436.653168,102325100
8/28/2023,442.23999,443.399994,439.970001,442.76001,439.42215,61595400
8/29/2023,442.649994,449.450012,442.459991,449.160004,445.773895,83081900
8/30/2023,449.51001,451.670013,448.779999,451.01001,447.609955,69053900
8/31/2023,451.649994,452.829987,450.160004,450.350006,446.954926,66084600
9/1/2023,453.170013,453.670013,449.679993,451.190002,447.788574,58875700
9/5/2023,450.730011,451.059998,449.170013,449.23999,445.853271,55166200
9/6/2023,448.399994,448.51001,443.809998,446.220001,442.856018,70758500
9/7/2023,443.109985,445.549988,442.75,444.850006,441.496368,70355400
9/8/2023,444.899994,447.109985,444.529999,445.519989,442.161316,61659700
9/11/2023,448.23999,448.769989,446.470001,448.450012,445.069244,60180100
9/12/2023,446.950012,448.529999,445.390015,445.98999,442.627777,67565400
9/13/2023,446.220001,447.709991,445.079987,446.51001,443.14386,60199300
9/14/2023,449.070007,451.079987,447.720001,450.359985,446.964844,83430800
9/15/2023,447.140015,447.480011,442.920013,443.369995,441.579651,111761400
9/18/2023,443.049988,444.970001,442.559998,443.630005,441.838623,55752200
9/19/2023,442.679993,443.290009,439.940002,442.709991,440.922302,66514600
9/20/2023,444.01001,444.440002,438.429993,438.640015,436.868774,82562600
9/21/2023,435.700012,435.970001,431.230011,431.390015,429.648041,103976100
9/22/2023,432.450012,434.100006,429.98999,430.420013,428.681976,100829700
9/25/2023,429.170013,432.269989,428.720001,432.230011,430.48465,70874500
9/26/2023,429.089996,429.820007,425.019989,425.880005,424.160278,96168400
9/27/2023,427.089996,427.670013,422.290009,426.049988,424.32959,104705800
9/28/2023,425.480011,430.25,424.869995,428.519989,426.789612,92258300
9/29/2023,431.670013,431.850006,425.910004,427.480011,425.753845,115078500
10/2/2023,426.619995,428.600006,424.459991,427.309998,425.584503,83798600
10/3/2023,425.059998,427.369995,420.179993,421.589996,419.887604,103760600
10/4/2023,422.070007,425.429993,420.559998,424.660004,422.945221,87453000
10/5/2023,424.359985,425.369995,421.170013,424.5,422.785858,70142700
10/6/2023,421.970001,431.130005,420.600006,429.540009,427.805511,113202700
10/9/2023,427.579987,432.880005,427.01001,432.290009,430.544403,80374400
10/10/2023,432.940002,437.220001,432.529999,434.540009,432.785309,78607300
10/11/2023,435.640015,436.579987,433.179993,436.320007,434.558136,62451700
10/12/2023,436.950012,437.339996,431.230011,433.660004,431.908875,81154200
10/13/2023,435.209991,436.450012,429.880005,431.5,429.757599,95143100
10/16/2023,433.820007,437.140015,433.570007,436.040009,434.279266,75433200
10/17/2023,432.809998,438.140015,432.450012,436.019989,434.259338,75324700
10/18/2023,434.190002,435.179993,429.089996,430.209991,428.472778,93559800
10/19/2023,430.950012,432.820007,425.730011,426.429993,424.708038,121323000
10/20/2023,425.980011,426.540009,421.079987,421.190002,419.489227,123845800
10/23/2023,419.609985,424.450012,417.799988,420.459991,418.762146,92035100
10/24/2023,422.649994,424.820007,420.73999,423.630005,421.919373,78564200
10/25/2023,421.890015,421.920013,417.019989,417.549988,415.863892,94223200
10/26/2023,416.450012,417.329987,411.600006,412.549988,410.884094,115156800
10/27/2023,414.190002,414.600006,409.209991,410.679993,409.021637,107367700
10/30/2023,413.559998,416.679993,412.220001,415.589996,413.911835,86562700
10/31/2023,416.179993,418.529999,414.209991,418.200012,416.511292,79665200
11/1/2023,419.200012,423.5,418.649994,422.660004,420.953278,98068100
11/2/2023,426.579987,430.920013,426.559998,430.76001,429.020599,94938900
11/3/2023,433.140015,436.290009,433.01001,434.690002,432.934723,100110800
11/6/2023,435.470001,436.149994,433.679993,435.690002,433.930664,67831700
11/7/2023,435.690002,437.589996,434.51001,436.929993,435.165649,64256100
11/8/2023,437.549988,438.089996,434.869995,437.25,435.484375,61746000
11/9/2023,438.429993,438.470001,433.399994,433.839996,432.088135,83174400
11/10/2023,435.980011,440.929993,433.829987,440.609985,438.83078,89462200
11/13/2023,439.230011,441.329987,438.420013,440.190002,438.412506,52236100
11/14/2023,446.320007,450.059998,446.089996,448.730011,446.91803,97176900
11/15/2023,450.109985,451.380005,448.799988,449.679993,447.864166,77327600
11/16/2023,449.220001,450.559998,448.119995,450.230011,448.411957,66665800
11/17/2023,450.23999,451.420013,449.290009,450.790009,448.969696,83133200
11/20/2023,450.529999,455.130005,450.519989,454.26001,452.42569,69936200
11/21/2023,453.179993,454.130005,451.959991,453.269989,451.439667,49244600
11/22/2023,454.980011,456.380005,453.890015,455.019989,453.182617,59394900
11/24/2023,455.070007,455.5,454.730011,455.299988,453.461456,29737400
11/27/2023,454.649994,455.48999,454.079987,454.480011,452.644806,50506000
11/28/2023,454.079987,456.269989,453.5,454.929993,453.092957,62115000
11/29/2023,457.149994,458.320007,454.200012,454.609985,452.774261,63146000
11/30/2023,455.480011,456.76001,453.339996,456.399994,454.557037,79752700
12/1/2023,455.769989,459.649994,455.160004,459.100006,457.246155,89097900
12/4/2023,455.600006,459.119995,454.339996,456.690002,454.845886,72430900
12/5/2023,455.26001,457.589996,454.869995,456.600006,454.756226,69793500
12/6/2023,458.809998,458.839996,454.309998,454.76001,452.923676,69124700
12/7/2023,456.910004,458.899994,456.290009,458.230011,456.379669,66995400
12/8/2023,457.459991,460.75,457.209991,460.200012,458.341705,83080900
12/11/2023,459.690002,462.170013,459.470001,461.98999,460.124451,65002200
12/12/2023,461.630005,464.200012,460.600006,464.100006,462.225952,68327600
12/13/2023,464.48999,470.76001,464.119995,470.5,468.600098,93278000
12/14/2023,472.5,473.730011,469.25,472.01001,470.104004,119026000
12/15/2023,469.48999,470.700012,467.429993,469.329987,469.329987,141319300
12/18/2023,470.980011,472.980011,469.890015,471.970001,471.970001,70375300
12/19/2023,472.529999,474.920013,472.450012,474.839996,474.839996,55761800
12/20/2023,473.959991,475.899994,467.820007,468.26001,468.26001,102921000
12/21/2023,471.329987,472.980011,468.839996,472.700012,472.700012,86667500
12/22/2023,473.859985,475.380005,471.700012,473.649994,473.649994,67126600
12/26/2023,474.070007,476.579987,473.98999,475.649994,475.649994,55387000
12/27/2023,475.440002,476.660004,474.890015,476.51001,476.51001,68000300
12/28/2023,476.880005,477.549988,476.26001,476.690002,476.690002,77158100
12/29/2023,476.48999,477.029999,473.299988,475.309998,475.309998,122234100
1/2/2024,472.160004,473.670013,470.48999,472.649994,472.649994,123623700
1/3/2024,470.429993,471.190002,468.170013,468.790009,468.790009,103585900
1/4/2024,468.299988,470.959991,467.049988,467.279999,467.279999,84232200
1/5/2024,467.48999,470.440002,466.429993,467.920013,467.920013,86060800
1/8/2024,468.429993,474.75,468.299988,474.600006,474.600006,74879100
1/9/2024,471.869995,474.929993,471.350006,473.880005,473.880005,65931400
1/10/2024,474.160004,477.450012,473.869995,476.559998,476.559998,67310600
1/11/2024,477.589996,478.119995,472.26001,476.350006,476.350006,77940700
1/12/2024,477.839996,478.600006,475.230011,476.679993,476.679993,57944000
1/16/2024,475.26001,476.609985,473.059998,474.929993,474.929993,85014900
1/17/2024,471.820007,472.790009,469.869995,472.290009,472.290009,68843900
1/18/2024,474.01001,477.059998,472.420013,476.48999,476.48999,91856200
1/19/2024,477.649994,482.720001,476.540009,482.429993,482.429993,110733300
1/22/2024,484.01001,485.220001,482.779999,483.450012,483.450012,75844900
1/23/2024,484.01001,485.109985,482.890015,484.859985,484.859985,49945300
1/24/2024,487.809998,488.769989,484.880005,485.390015,485.390015,81765000
1/25/2024,487.579987,488.309998,485.390015,488.029999,488.029999,72525000
1/26/2024,487.589996,489.119995,486.540009,487.410004,487.410004,76641600
1/29/2024,487.730011,491.420013,487.170013,491.269989,491.269989,61322800
1/30/2024,490.559998,491.619995,490.109985,490.890015,490.890015,58618400
1/31/2024,488.619995,489.079987,482.859985,482.880005,482.880005,126011100
2/1/2024,484.630005,489.230011,483.799988,489.200012,489.200012,91891600
2/2/2024,489.649994,496.049988,489.299988,494.350006,494.350006,99147700
2/5/2024,493.700012,494.380005,490.230011,492.549988,492.549988,75757100
2/6/2024,493.519989,494.320007,492.049988,493.980011,493.980011,55918600
2/7/2024,496.290009,498.529999,495.359985,498.100006,498.100006,70556500
2/8/2024,498.100006,498.709991,497.26001,498.320007,498.320007,52343600
2/9/2024,498.839996,501.649994,498.48999,501.200012,501.200012,63979400
2/12/2024,501.170013,503.5,500.23999,500.980011,500.980011,56502300
2/13/2024,494.529999,497.089996,490.720001,494.079987,494.079987,113099200
2/14/2024,496.790009,499.070007,494.399994,498.570007,498.570007,68387800
2/15/2024,499.290009,502.200012,498.799988,502.01001,502.01001,61683000
